"DESCRIPTION","DURATION IN MS","NAME","PARENT SUITE","START TIME","STATUS","STOP TIME","SUB SUITE","SUITE","TEST CLASS","TEST METHOD"
"","1","1.3. DR for multiple parent and child locations - starting with Parent loc - No Discrepancies Found","Inventory Reports","Wed May 14 21:14:08 UTC 2025","skipped","Wed May 14 21:14:08 UTC 2025","","1. Parent/child locations with items but without containers","",""
"","0","4 Validation messages for wrongly formatted values","","Wed May 14 21:14:21 UTC 2025","skipped","Wed May 14 21:14:21 UTC 2025","","Import Legacy Chain of Custody","",""
"","42237","1.1.4 validation message for inactive user account","Add User","Wed May 14 21:50:39 UTC 2025","passed","Wed May 14 21:51:21 UTC 2025","","1.1 Org Admin","",""
"","1","1.2 Org Admin-- minimum case fields -- redirect to Add Case page again","Add Case","Wed May 14 21:14:23 UTC 2025","skipped","Wed May 14 21:14:23 UTC 2025","","1. --- No Case Number formatting in Org/Office, AutoDispo ON","",""
"","686","I.U_1 Import and verify User with all fields","","Wed May 14 21:15:34 UTC 2025","failed","Wed May 14 21:15:34 UTC 2025","","Import Users","",""
"","71294","3.4 --- Duplicating item with Currency Form attached","Add Item","Wed May 14 21:33:49 UTC 2025","passed","Wed May 14 21:35:01 UTC 2025","","3 Add Item with Custom Form","",""
"","0","1.4. Create and run DR for multiple parent and child locations - starting with Child loc -  No Discrepancies Found","Inventory Reports","Wed May 14 21:14:08 UTC 2025","skipped","Wed May 14 21:14:08 UTC 2025","","1. Parent/child locations with items but without containers","",""
"","34853","1.5. Add item from Scan page -- redirect to Item View/Media tab","Add Item","Wed May 14 21:26:35 UTC 2025","passed","Wed May 14 21:27:10 UTC 2025","","1. Org Admin","",""
"","82547","3.1. --- with required Custom Form filled out, all required fields on Form","Add Person","Wed May 14 21:43:40 UTC 2025","failed","Wed May 14 21:45:03 UTC 2025","","3. Add Person with Custom Form","",""
"","23627","1.3. Business Name populated only -- redirect to Add Item page","Add Person","Wed May 14 21:42:45 UTC 2025","passed","Wed May 14 21:43:08 UTC 2025","","1. Org Admin","",""
"","1","2 Import Legacy Chain of Custody - Precheck Only","","Wed May 14 21:14:21 UTC 2025","skipped","Wed May 14 21:14:21 UTC 2025","","Import Legacy Chain of Custody","",""
"","19522","8. Add a Case with disabled fields & check if required fields are displayed properly on Case Edit page after enabling","","Wed May 14 21:21:00 UTC 2025","passed","Wed May 14 21:21:19 UTC 2025","","Edit Case","",""
"","30114","6.1 verify Auto Assigned Case Number with Default Case Number Prefix","Add Case","Wed May 14 21:19:04 UTC 2025","passed","Wed May 14 21:19:34 UTC 2025","","6. --- with Auto Assigned Case Number ","",""
"","662","1. Import and verify People with all fields - 1 person linked to 1 case, other person linked to 2 cases","","Wed May 14 21:15:14 UTC 2025","failed","Wed May 14 21:15:14 UTC 2025","","Import People","",""
"","644","2. Import and verify Person with minimum fields","","Wed May 14 21:15:14 UTC 2025","failed","Wed May 14 21:15:15 UTC 2025","","Import People","",""
"","115250","3.2 --- with required Custom Form but not filled out, all optional fields on Form","Add Item","Wed May 14 21:31:01 UTC 2025","failed","Wed May 14 21:32:56 UTC 2025","","3 Add Item with Custom Form","",""
"","105979","1 Edit newly added user, change all values, verify on the grid, and check all/active/inactive filters","","Wed May 14 21:29:31 UTC 2025","failed","Wed May 14 21:31:17 UTC 2025","","Edit User","",""
"","0","7. Item Updates Import - Precheck Only","","Wed May 14 21:14:02 UTC 2025","skipped","Wed May 14 21:14:02 UTC 2025","","Import Item Updates","",""
"","9340","1.1.3 validation message for missing permissions","Add User","Wed May 14 21:50:29 UTC 2025","failed","Wed May 14 21:50:39 UTC 2025","","1.1 Org Admin","",""
"","1","1 Import Legacy Chain of Custody - Checked In transaction","","Wed May 14 21:14:21 UTC 2025","broken","Wed May 14 21:14:21 UTC 2025","","Import Legacy Chain of Custody","",""
"","7636","1.9. Only active people should show up in ""Recovered By"" field when searching by first/middle/last name or email","Add Item","Wed May 14 21:29:16 UTC 2025","failed","Wed May 14 21:29:23 UTC 2025","","1. Org Admin","",""
"","542","1.1 Email & Task - when Case created - all records - 1 user as email recipient","Workflows","Wed May 14 21:15:37 UTC 2025","failed","Wed May 14 21:15:38 UTC 2025","","1. Case Workflows - all case fields enabled in Org Settings","",""
"","14142","1.1.1 Add task with required fields only -- Unassigned-- keep template content-- search for task on the grid by Creator name-- verify values on grid","Add Task","Wed May 14 21:47:20 UTC 2025","failed","Wed May 14 21:47:34 UTC 2025","","1.1 Org Admin","",""
"","29355","3.1 verify Office Case Number Format with default validation message","Add Case","Wed May 14 21:16:14 UTC 2025","failed","Wed May 14 21:16:44 UTC 2025","","3. --- with Case Number formatting in Office ","",""
"","798","I.T_1.1 Import Legacy Tasks for Case","","Wed May 14 21:14:29 UTC 2025","failed","Wed May 14 21:14:30 UTC 2025","","Import Tasks","",""
"","604","1 Import Media","","Wed May 14 21:14:51 UTC 2025","failed","Wed May 14 21:14:52 UTC 2025","","Import Media","",""
"","720","7 Validation messages for wrongly formatted values","","Wed May 14 21:15:03 UTC 2025","failed","Wed May 14 21:15:04 UTC 2025","","Import Notes","",""
"","0","1.4 Org Admin-- minimum case fields -- redirect to Add Person page","Add Case","Wed May 14 21:14:23 UTC 2025","skipped","Wed May 14 21:14:23 UTC 2025","","1. --- No Case Number formatting in Org/Office, AutoDispo ON","",""
"","1","2 Import Person with all updated fields - Precheck Only","","Wed May 14 21:15:24 UTC 2025","skipped","Wed May 14 21:15:24 UTC 2025","","Import People Updates","",""
"","11895","3.2 verify Office Case Number Format with custom validation message","Add Case","Wed May 14 21:16:44 UTC 2025","passed","Wed May 14 21:16:55 UTC 2025","","3. --- with Case Number formatting in Office ","",""
"","0","4. Import update for item status (Disposal transaction)","","Wed May 14 21:14:02 UTC 2025","skipped","Wed May 14 21:14:02 UTC 2025","","Import Item Updates","",""
"","0","1.2. DR for single child location - No Discrepancies Found","Inventory Reports","Wed May 14 21:14:08 UTC 2025","skipped","Wed May 14 21:14:08 UTC 2025","","1. Parent/child locations with items but without containers","",""
"","5109","1.4. Add item from Item Search -- redirect to Case View /Items tab","Add Item","Wed May 14 21:26:30 UTC 2025","failed","Wed May 14 21:26:35 UTC 2025","","1. Org Admin","",""
"","27425","A.M_2. Add Media to Item","","Wed May 14 21:38:44 UTC 2025","passed","Wed May 14 21:39:11 UTC 2025","","Add Media","",""
"","73259","9.1 verify multiple Users and Groups can be saved in Case Officers field and Custom User/User Group","Add Case","Wed May 14 21:22:21 UTC 2025","passed","Wed May 14 21:23:34 UTC 2025","","9. --- with multiple users/groups in Case Officers field","",""
"","0","I.C_3 Case with custom fields","","Wed May 14 21:13:53 UTC 2025","skipped","Wed May 14 21:13:53 UTC 2025","","Import Cases","",""
"","556","1. Report from Case View page - Items tab","Reports","Wed May 14 21:15:18 UTC 2025","failed","Wed May 14 21:15:19 UTC 2025","","Verify generating and opening Report ""Primary Label 4X3""","",""
"","0","1.5. Create and run DR for multiple parent and child locations  - starting with Child loc - switching back to parent location-  No Discrepancies Found","Inventory Reports","Wed May 14 21:14:08 UTC 2025","skipped","Wed May 14 21:14:08 UTC 2025","","1. Parent/child locations with items but without containers","",""
"","195","S.I_1. Search by Item Description","","Wed May 14 21:14:44 UTC 2025","failed","Wed May 14 21:14:44 UTC 2025","","Search Item","",""
"","71218","1.1.1. add user with all fields -- log in with newly created account","Add User","Wed May 14 21:48:35 UTC 2025","passed","Wed May 14 21:49:47 UTC 2025","","1.1 Org Admin","",""
"","0","6 Validation messages for blank values","","Wed May 14 21:14:21 UTC 2025","skipped","Wed May 14 21:14:21 UTC 2025","","Import Legacy Chain of Custody","",""
"","689","8 Validation messages for invalid values","","Wed May 14 21:15:04 UTC 2025","failed","Wed May 14 21:15:05 UTC 2025","","Import Notes","",""
"","748","1.8. Create and run DR for multiple storage locations - multiple Discrepancies Found","Inventory Reports","Wed May 14 21:14:08 UTC 2025","failed","Wed May 14 21:14:08 UTC 2025","","1. Parent/child locations with items but without containers","",""
"","2","1. Import updates for all item fields","","Wed May 14 21:14:02 UTC 2025","broken","Wed May 14 21:14:02 UTC 2025","","Import Item Updates","",""
"","588","2.1 Cancelling warning keeps user logged in on other machine","Login page","Wed May 14 21:15:08 UTC 2025","failed","Wed May 14 21:15:08 UTC 2025","","2. Warning that user is logged in on other browser or device","",""
"","21816","2.1 verify Org Case Number Format and check that Case Review Date/Notes is NOT displayed for Org Admin","Add Case","Wed May 14 21:14:28 UTC 2025","passed","Wed May 14 21:14:50 UTC 2025","","2. --- with Case Number formatting in Org, AutoDispo OFF ","",""
"","815","1 Import Notes for Case","","Wed May 14 21:15:00 UTC 2025","failed","Wed May 14 21:15:01 UTC 2025","","Import Notes","",""
"","5","A.U_3. Add External User","Add User","Wed May 14 21:51:21 UTC 2025","skipped","Wed May 14 21:51:21 UTC 2025","","1.1 Org Admin","",""
"","683","I.T_1.2 Import Legacy Tasks for Case - Precheck Only","","Wed May 14 21:14:30 UTC 2025","failed","Wed May 14 21:14:31 UTC 2025","","Import Tasks","",""
"","42563","1.1.2. add user with required fields only","Add User","Wed May 14 21:49:47 UTC 2025","passed","Wed May 14 21:50:29 UTC 2025","","1.1 Org Admin","",""
"","35715","5.1 verify Office Default Case Number Prefix","Add Case","Wed May 14 21:18:22 UTC 2025","failed","Wed May 14 21:18:57 UTC 2025","","5. --- with Default Case Number in Office ","",""
"","3682","U.A_1. Send verification email","","Wed May 14 21:14:53 UTC 2025","failed","Wed May 14 21:14:57 UTC 2025","","User Actions","",""
"","814","6 Validation messages for not mapped fields","","Wed May 14 21:15:03 UTC 2025","failed","Wed May 14 21:15:03 UTC 2025","","Import Notes","",""
"","0","3 Validation messages for not mapped fields","","Wed May 14 21:14:21 UTC 2025","skipped","Wed May 14 21:14:21 UTC 2025","","Import Legacy Chain of Custody","",""
"","78770","2. Edit and verify all values on Item View page -- keep the previous values in multiselect fields  - Tags & Item Belongs To; 2.1. hitting *enter* button does not wipe out Additional Barcode","","Wed May 14 21:23:32 UTC 2025","passed","Wed May 14 21:24:51 UTC 2025","","Edit Item","",""
"","0","3. Import update for item status (Move transaction)","","Wed May 14 21:14:02 UTC 2025","skipped","Wed May 14 21:14:02 UTC 2025","","Import Item Updates","",""
"","619","3. Import Person with all fields - Precheck Only","","Wed May 14 21:15:15 UTC 2025","failed","Wed May 14 21:15:16 UTC 2025","","Import People","",""
"","37300","7. Remove all optional values & check history records","","Wed May 14 21:20:22 UTC 2025","passed","Wed May 14 21:20:59 UTC 2025","","Edit Case","",""
"","12645","2.1. verify that user can add all values","Add Person","Wed May 14 21:43:28 UTC 2025","failed","Wed May 14 21:43:40 UTC 2025","","2. Power User -- all permissions in Office","",""
"","47527","1.8. Add Item from Person View/ Items Custodian tab -- redirect to Split Item page and complete the action","Add Item","Wed May 14 21:28:28 UTC 2025","passed","Wed May 14 21:29:16 UTC 2025","","1. Org Admin","",""
"","0","1.5 Org Admin-- minimum case fields -- redirect to Media tab on Case View page","Add Case","Wed May 14 21:14:23 UTC 2025","skipped","Wed May 14 21:14:23 UTC 2025","","1. --- No Case Number formatting in Org/Office, AutoDispo ON","",""
"","44262","3. Edit and verify reduced number of values on Case View page -- enter User Group instead of User as Case Officer","","Wed May 14 21:18:30 UTC 2025","passed","Wed May 14 21:19:15 UTC 2025","","Edit Case","",""
"","2","1.1. DR for single parent location - No Discrepancies Found","Inventory Reports","Wed May 14 21:14:08 UTC 2025","broken","Wed May 14 21:14:08 UTC 2025","","1. Parent/child locations with items but without containers","",""
"","101015","7.1 verify all values are properly saved to the custom form -single user in custom User/User Group field","Add Case","Wed May 14 21:19:42 UTC 2025","passed","Wed May 14 21:21:23 UTC 2025","","7. --- with required Custom Form filled out, all required fields on Form","",""
"","1","1.7. Create and run DR for single child location - multiple Discrepancies Found","Inventory Reports","Wed May 14 21:14:08 UTC 2025","skipped","Wed May 14 21:14:08 UTC 2025","","1. Parent/child locations with items but without containers","",""
"","150","1.2 Validation messages","","Wed May 14 21:15:07 UTC 2025","failed","Wed May 14 21:15:08 UTC 2025","","Login page","",""
"","0","2. Import update for item status (Check Out transaction)","","Wed May 14 21:14:02 UTC 2025","skipped","Wed May 14 21:14:02 UTC 2025","","Import Item Updates","",""
"","3","5 Five thousand notes for Case and verify notes count on search","","Wed May 14 21:15:03 UTC 2025","skipped","Wed May 14 21:15:03 UTC 2025","","Import Notes","",""
"","63223","A.N_1. Add Note to Case","","Wed May 14 21:40:23 UTC 2025","failed","Wed May 14 21:41:26 UTC 2025","","Add Notes","",""
"","1","1. Import Person with all updated fields","","Wed May 14 21:15:24 UTC 2025","broken","Wed May 14 21:15:24 UTC 2025","","Import People Updates","",""
"","19026","1.4. redirect to Case View page","Add Person","Wed May 14 21:43:08 UTC 2025","passed","Wed May 14 21:43:28 UTC 2025","","1. Org Admin","",""
"","3","5 Five thousand notes for Item and verify notes count on search","","Wed May 14 21:15:03 UTC 2025","skipped","Wed May 14 21:15:03 UTC 2025","","Import Notes","",""
"","2","1 Import Locations with all fields","","Wed May 14 21:14:41 UTC 2025","broken","Wed May 14 21:14:41 UTC 2025","","Import Locations","",""
"","342473","Add Dispo Task with 11 1DA items and assign to Org Admin, --set different actions for item using all variations--using Actions menu and grid, --check statuses and notes upon submission","","Wed May 14 21:52:41 UTC 2025","failed","Wed May 14 21:58:24 UTC 2025","","Dispo Auth","",""
"","34888","1.6. Add Item from Person View/ Items Recovered By -- redirect to Item View/ Notes tab","Add Item","Wed May 14 21:27:10 UTC 2025","passed","Wed May 14 21:27:45 UTC 2025","","1. Org Admin","",""
"","80623","3.5 --- Splitting item with Currency Form attached","Add Item","Wed May 14 21:35:01 UTC 2025","passed","Wed May 14 21:36:22 UTC 2025","","3 Add Item with Custom Form","",""
"","0","5 Validation messages for invalid values","","Wed May 14 21:14:21 UTC 2025","skipped","Wed May 14 21:14:21 UTC 2025","","Import Legacy Chain of Custody","",""
"","26619","4.2 verify Org Default Case Number Prefix, keep a default value as part of the Case Number","Add Case","Wed May 14 21:17:29 UTC 2025","passed","Wed May 14 21:17:56 UTC 2025","","4. --- with Default Case Number in Org ","",""
"","22809","4.  Case Number Formatting at Org level -- old case that was saved without formatting can be edited without changing Case Number or changing it with proper format","","Wed May 14 21:19:16 UTC 2025","passed","Wed May 14 21:19:38 UTC 2025","","Edit Case","",""
"","29965","4. Edit and verify reduced number of values on Item View page ","","Wed May 14 21:25:39 UTC 2025","passed","Wed May 14 21:26:09 UTC 2025","","Edit Item","",""
"","526","2 Import Media - Precheck Only","","Wed May 14 21:14:52 UTC 2025","failed","Wed May 14 21:14:52 UTC 2025","","Import Media","",""
"","2","I.C.U_1. Import Case Updates - all fields -- user and user group in Case Officer(s) field","","Wed May 14 21:13:45 UTC 2025","broken","Wed May 14 21:13:45 UTC 2025","","Import Case Updates","",""
"","538","2.2 Confirmation on warning modal completes login and logs out user on other machine","Login page","Wed May 14 21:15:08 UTC 2025","failed","Wed May 14 21:15:09 UTC 2025","","2. Warning that user is logged in on other browser or device","",""
"","107","3. Scanning 1000 items during Inventory report","Inventory Reports","Wed May 14 21:14:09 UTC 2025","failed","Wed May 14 21:14:09 UTC 2025","","2. Scanning 1000 items","",""
"","0","I.C_4 Five thousand cases and verify cases count on search by ","","Wed May 14 21:13:53 UTC 2025","skipped","Wed May 14 21:13:53 UTC 2025","","Import Cases","",""
"","116","2.1. Create and run DR for 2 storage locations that have: container with item, empty container, sub-location, empty sub-container and sub-container with item - No Discrepancies Found","Inventory Reports","Wed May 14 21:14:08 UTC 2025","failed","Wed May 14 21:14:08 UTC 2025","","2. Parent/child locations with items and containers","",""
"","15059","1.2.1. Office Admin can create a new user account","Add User","Wed May 14 21:51:21 UTC 2025","failed","Wed May 14 21:51:36 UTC 2025","","1.2 Power User -- all permissions in Office","",""
"","0","6. Import update for item status (CheckIn transaction)","","Wed May 14 21:14:02 UTC 2025","skipped","Wed May 14 21:14:02 UTC 2025","","Import Item Updates","",""
"","185","2. Verify Transfer transaction and enabled/disabled actions for Checked Out item","","Wed May 14 21:33:48 UTC 2025","failed","Wed May 14 21:33:48 UTC 2025","","Item Transactions & Actions","",""
"","540","1. Verify list of already existing services are in place and all listed services have a green status","","Wed May 14 21:15:26 UTC 2025","failed","Wed May 14 21:15:27 UTC 2025","","System Services Page: verify the existing Services are in place, if a new Service gets added =>check the status for all of those","",""
"","12696","1.3.2 --- with required Custom Form but not filled out, all optional fields on Form","Add User","Wed May 14 21:51:50 UTC 2025","failed","Wed May 14 21:52:03 UTC 2025","","1.3 --- with Custom Forms","",""
"","44157","8.1 verify that required custom form is attached to the case with blank fields","Add Case","Wed May 14 21:21:30 UTC 2025","passed","Wed May 14 21:22:15 UTC 2025","","8. --- with required Custom Form but not filled out, all optional fields on Form","",""
"","93373","3.2. --- with required Custom Form but not filled out, all optional fields on Form","Add Person","Wed May 14 21:45:03 UTC 2025","failed","Wed May 14 21:46:36 UTC 2025","","3. Add Person with Custom Form","",""
"","20936","5. Add an Item with disabled non required / required fields & check if those are shown up on Item Edit page after enabling","","Wed May 14 21:26:09 UTC 2025","passed","Wed May 14 21:26:30 UTC 2025","","Edit Item","",""
"","209","1.1.1 equals {email of the user (current user) who created a case}","Cases Search","Wed May 14 21:14:27 UTC 2025","failed","Wed May 14 21:14:28 UTC 2025","1.1 Created By","1 Org Admin","",""
"","25042","A.M_4. Add Media to Task","","Wed May 14 21:39:34 UTC 2025","passed","Wed May 14 21:39:59 UTC 2025","","Add Media","",""
"","17066","1. Edit and verify all values on Person View page","","Wed May 14 21:27:24 UTC 2025","failed","Wed May 14 21:27:41 UTC 2025","","Edit Person","",""
"","0","2 Import Locations with required fields - verify default properties","","Wed May 14 21:14:41 UTC 2025","skipped","Wed May 14 21:14:41 UTC 2025","","Import Locations","",""
"","46195","3. Remove all optional values & check history records","","Wed May 14 21:24:51 UTC 2025","passed","Wed May 14 21:25:38 UTC 2025","","Edit Item","",""
"","28506","4.1 verify Org Default Case Number Prefix, clear a default value and save the other one","Add Case","Wed May 14 21:17:01 UTC 2025","passed","Wed May 14 21:17:29 UTC 2025","","4. --- with Default Case Number in Org ","",""
"","22893","A.M_3. Add Media to Person","","Wed May 14 21:39:11 UTC 2025","passed","Wed May 14 21:39:34 UTC 2025","","Add Media","",""
"","8572","2.1 verify that user can add all values but can select only Storage Location(s) that s/he has access to","Add Item","Wed May 14 21:29:23 UTC 2025","failed","Wed May 14 21:29:32 UTC 2025","","2 Power User -- all permissions in Office, with and without access to Storage Location","",""
"","42652","1.7. Add Item from Person View/ ""Items Belonging to"" tab -- redirect to Add Duplicate Item page and complete the action","Add Item","Wed May 14 21:27:45 UTC 2025","passed","Wed May 14 21:28:28 UTC 2025","","1. Org Admin","",""
"","71498","1. Edit and verify all values on Item View page -- replace the current values in multiselect fields - Tags & Item Belongs To","","Wed May 14 21:22:19 UTC 2025","passed","Wed May 14 21:23:30 UTC 2025","","Edit Item","",""
"","22262","5. Case Number Formatting at Office level -- old case that was saved without formatting can be edited without changing Case Number or changing it with proper format","","Wed May 14 21:19:38 UTC 2025","passed","Wed May 14 21:20:01 UTC 2025","","Edit Case","",""
"","0","1.6 Org Admin-- minimum case fields -- redirect to Notes tab on Case View page","Add Case","Wed May 14 21:14:23 UTC 2025","skipped","Wed May 14 21:14:23 UTC 2025","","1. --- No Case Number formatting in Org/Office, AutoDispo ON","",""
"","59873","1. Edit and verify all values on Case View page -- replace the current values in multiselect fields (Case Officers, Tags)","","Wed May 14 21:16:31 UTC 2025","passed","Wed May 14 21:17:30 UTC 2025","","Edit Case","",""
"","33421","3. Edit and verify reduced number of values on Person View page - Business Name","","Wed May 14 21:28:14 UTC 2025","passed","Wed May 14 21:28:48 UTC 2025","","Edit Person","",""
"","53081","3.3 --- with required Currency Form attached - System Template","Add Item","Wed May 14 21:32:56 UTC 2025","passed","Wed May 14 21:33:49 UTC 2025","","3 Add Item with Custom Form","",""
"","17322","1.2. Optional fields disabled -- redirect to View Added Item -- Item Belongs To Shows All People"" turned OFF in Org Settings -- multiple values selected for ""Item Belongs to"" and Tags","Add Item","Wed May 14 21:26:07 UTC 2025","failed","Wed May 14 21:26:24 UTC 2025","","1. Org Admin","",""
"","56439","2. Edit and verify all values on Case View page -- keep the previous values and add new ones in multiselect fields (Case Officers, Tags)","","Wed May 14 21:17:32 UTC 2025","passed","Wed May 14 21:18:29 UTC 2025","","Edit Case","",""
"","0","1.7 Power User can add case and view/enter/update Review Date/Notes when having AutoDispo permissions","Add Case","Wed May 14 21:14:23 UTC 2025","skipped","Wed May 14 21:14:23 UTC 2025","","1. --- No Case Number formatting in Org/Office, AutoDispo ON","",""
"","581","1.1 all fields turned on and edited, ""overwrite existing values"" turned OFF","Mass Update Cases","Wed May 14 21:14:17 UTC 2025","failed","Wed May 14 21:14:17 UTC 2025","","1. all fields enabled in Org Settings","",""
"","40916","1.1. All fields enabled -- redirect to View Added Person","Add Person","Wed May 14 21:41:42 UTC 2025","passed","Wed May 14 21:42:23 UTC 2025","","1. Org Admin","",""
"","0","I.C.U_2 Case Updates Import - Precheck Only","","Wed May 14 21:13:45 UTC 2025","skipped","Wed May 14 21:13:45 UTC 2025","","Import Case Updates","",""
"","31932","2. Edit and verify reduced number of values on Person View page - First & Last Name","","Wed May 14 21:27:41 UTC 2025","passed","Wed May 14 21:28:13 UTC 2025","","Edit Person","",""
"","21003","6. Auto-Assigned Case Number -- Case Number can be edited when Auto-assigning of Case Numbers is enabled for new cases","","Wed May 14 21:20:01 UTC 2025","passed","Wed May 14 21:20:22 UTC 2025","","Edit Case","",""
"","87899","3.1 Verify ""Re-Distribute"" for ""Past Due"" cases","Auto-Disposition","Wed May 14 21:14:24 UTC 2025","failed","Wed May 14 21:15:52 UTC 2025","","3. Verify ""Re-Distribute Case Review Dates"" functionality","",""
"","0","1.6. Create and run DR for single parent location - multiple Discrepancies Found","Inventory Reports","Wed May 14 21:14:08 UTC 2025","skipped","Wed May 14 21:14:08 UTC 2025","","1. Parent/child locations with items but without containers","",""
"","830","2 Import Notes for Item","","Wed May 14 21:15:01 UTC 2025","failed","Wed May 14 21:15:02 UTC 2025","","Import Notes","",""
"","0","5. Import update for item status (Undispose transaction)","","Wed May 14 21:14:02 UTC 2025","skipped","Wed May 14 21:14:02 UTC 2025","","Import Item Updates","",""
"","188","1.1.1 'equals' correct Person's name","Search Checkouts","Wed May 14 21:14:35 UTC 2025","failed","Wed May 14 21:14:35 UTC 2025","1.1 Checked Out To","1 Org Admin","",""
"","103323","2.1 Add User to a Group, then add to another Group --> Verify that previous User Group is not overwritten","","Wed May 14 21:31:17 UTC 2025","passed","Wed May 14 21:33:00 UTC 2025","","Edit User","",""
"","1","2. Item with all fields - Disposed Status","","Wed May 14 21:14:11 UTC 2025","broken","Wed May 14 21:14:11 UTC 2025","","Import Items","",""
"","19042","4. Add a Person with disabled fields & check if those are shown up on Person Edit page after enabling all of the rest of the fields and editing Business Name / First Name / Last Name","","Wed May 14 21:28:49 UTC 2025","passed","Wed May 14 21:29:08 UTC 2025","","Edit Person","",""
"","88152","3.1 --- with required Custom Form filled out, all required fields on Form","Add Item","Wed May 14 21:29:32 UTC 2025","failed","Wed May 14 21:31:01 UTC 2025","","3 Add Item with Custom Form","",""
"","53915","1.1 All fields enabled -- ""Item Belongs To Shows All People"" turned ON in Org Settings -- multiple people not linked to Primary Case are selected in ""Item Belongs to"" field ","Add Item","Wed May 14 21:25:13 UTC 2025","passed","Wed May 14 21:26:07 UTC 2025","","1. Org Admin","",""
"","1","I.C_1 Case with all fields -- user and user group in Case Officer(s) field","","Wed May 14 21:13:53 UTC 2025","broken","Wed May 14 21:13:53 UTC 2025","","Import Cases","",""
"","610","3 Import Locations - Precheck Only","","Wed May 14 21:14:41 UTC 2025","failed","Wed May 14 21:14:42 UTC 2025","","Import Locations","",""
"","765","3 Import Notes for Case - Precheck Only","","Wed May 14 21:15:02 UTC 2025","failed","Wed May 14 21:15:03 UTC 2025","","Import Notes","",""
"","658","I.U_1 Import User with all fields - Precheck Only","","Wed May 14 21:15:34 UTC 2025","failed","Wed May 14 21:15:35 UTC 2025","","Import Users","",""
"","20330","4.3 verify Org Default Case Number Prefix and Org Formatting pattern, before and after page reload","Add Case","Wed May 14 21:17:56 UTC 2025","passed","Wed May 14 21:18:17 UTC 2025","","4. --- with Default Case Number in Org ","",""
"","653","9 Validation messages for blank values","","Wed May 14 21:15:05 UTC 2025","failed","Wed May 14 21:15:05 UTC 2025","","Import Notes","",""
"","0","I.C_2 Case with minimum number of fields","","Wed May 14 21:13:53 UTC 2025","skipped","Wed May 14 21:13:53 UTC 2025","","Import Cases","",""
"","21503","1.2. Optional fields disabled -- First & Last Name populated -- redirect to Add Person page again","Add Person","Wed May 14 21:42:23 UTC 2025","passed","Wed May 14 21:42:45 UTC 2025","","1. Org Admin","",""
"","13485","1.3.1 --- with required Custom Form filled out, all required fields on Form","Add User","Wed May 14 21:51:36 UTC 2025","failed","Wed May 14 21:51:50 UTC 2025","","1.3 --- with Custom Forms","",""
"","0","1.3 Org Admin-- minimum case fields -- redirect to Add Item page","Add Case","Wed May 14 21:14:23 UTC 2025","skipped","Wed May 14 21:14:23 UTC 2025","","1. --- No Case Number formatting in Org/Office, AutoDispo ON","",""
"","79012","2.2 verify Org Case Number Format with custom validation message","Add Case","Wed May 14 21:14:50 UTC 2025","failed","Wed May 14 21:16:09 UTC 2025","","2. --- with Case Number formatting in Org, AutoDispo OFF ","",""
"","1","1.1 Org Admin-- All fields enabled -- redirect to View Added Case","Add Case","Wed May 14 21:14:23 UTC 2025","broken","Wed May 14 21:14:23 UTC 2025","","1. --- No Case Number formatting in Org/Office, AutoDispo ON","",""
"","5057","1.3. Add Item from Case View /Items tab -- redirect to Add Item page again","Add Item","Wed May 14 21:26:25 UTC 2025","failed","Wed May 14 21:26:30 UTC 2025","","1. Org Admin","",""
"","17086","Add User ","","Wed May 14 21:47:51 UTC 2025","failed","Wed May 14 21:48:08 UTC 2025","","Add User","",""
"","51750","A.M_1. Add Media to Case","","Wed May 14 21:37:52 UTC 2025","passed","Wed May 14 21:38:44 UTC 2025","","Add Media","",""
"","0","I.C_5 Case Import - Precheck Only","","Wed May 14 21:13:53 UTC 2025","skipped","Wed May 14 21:13:53 UTC 2025","","Import Cases","",""
"","136","2.2. Scanning some barcodes multiple times and checking all types of discrepancies in one Report: ""Barcode valid but not found in the system""""Items Not Scanned"", ""Wrong Storage Location"",""Container Not Scanned"",""Containers in Wrong Location""","Inventory Reports","Wed May 14 21:14:08 UTC 2025","failed","Wed May 14 21:14:09 UTC 2025","","2. Parent/child locations with items and containers","",""
"","2","I.N_5 Five thousand tasks and verify count on search","","Wed May 14 21:14:31 UTC 2025","skipped","Wed May 14 21:14:31 UTC 2025","","Import Tasks","",""
